{"cameraMode":{"drawMode":0,"name":"Shaded","section":"Shading Mode"},"sceneLighting":true,"audioPlay":false,"sceneViewState":{"showFog":false,"showMaterialUpdate":false,"showSkybox":false,"showFlares":false,"showImageEffects":false,"showParticleSystems":false},"in2DMode":false,"pivot":{"x":-3.954962730407715,"y":2.485989570617676,"z":-1.4706368446350098},"rotation":{"x":0.05216136574745178,"y":-0.5862246155738831,"z":0.03786405175924301,"w":0.8075824975967407},"size":13.582763671875,"orthographic":false}